Проигрыватель винила avid diva 1,250 000   ₽,"Электрозаводская, 300	 м",https://www.avito.ru/moskva/audio_i_video/proigryvatel_vinila_avid_diva_1_579969262
Проигрыватель винила Pro-Ject 1-Xpression Carbon,28 000   ₽,Бульвар Дмитрия Донского,https://www.avito.ru/moskva/audio_i_video/proigryvatel_vinila_pro-ject_1-xpression_carbon_1475595007
Проигрыватель винила Rega Planar 1,17 000   ₽,"Хорошевская, 100	 м",https://www.avito.ru/moskva/audio_i_video/proigryvatel_vinila_rega_planar_1_1877132831
Проигрыватель пластинок 1-эпу-73с,2 000   ₽,"Октябрьское поле, 1,1	 км",https://www.avito.ru/moskva/audio_i_video/proigryvatel_plastinok_1-epu-73s_1790208598
Проигрыватель пластинок LP music hall mmf-5.1,67 000   ₽,"Белокаменная, 1,1	 км",https://www.avito.ru/moskva/audio_i_video/proigryvatel_plastinok_lp_music_hall_mmf-5.1_1885018239
Проигрыватель винила Rega Planar 1,18 000   ₽,"Улица 1905 года, 300	 м",https://www.avito.ru/moskva/audio_i_video/proigryvatel_vinila_rega_planar_1_1825534428
Проигрыватель виниловых пластинок Telefunken RS -1,8 500   ₽,"Аэропорт, 100	 м",https://www.avito.ru/moskva/audio_i_video/proigryvatel_vinilovyh_plastinok_telefunken_rs_-1_1614924346
Эксклюзивный проигрыватель винила Silvertone N1,160 000   ₽,"Коломенская, 1,2	 км",https://www.avito.ru/moskva/audio_i_video/eksklyuzivnyy_proigryvatel_vinila_silvertone_n1_1109664191
Проигрыватель винила Pro ject rpm 1.3,20 000   ₽,"Первомайская, 900	 м",https://www.avito.ru/moskva/audio_i_video/proigryvatel_vinila_pro_ject_rpm_1.3_1796876600
Проигрыватель винила Pro-Ject 1 Xpression III,30 000   ₽,"Белорусская, 900	 м",https://www.avito.ru/moskva/audio_i_video/proigryvatel_vinila_pro-ject_1_xpression_iii_1782819086
Проигрыватель винила,19 000   ₽,Новые Черемушки,https://www.avito.ru/moskva/audio_i_video/proigryvatel_vinila_1808614831
Проигрыватель винила thorens td 170-1,15 000   ₽,"Хорошево, 1,9	 км",https://www.avito.ru/moskva/audio_i_video/proigryvatel_vinila_thorens_td_170-1_1851777576
"Проигрыватель винила Diatone LT-1 тангенс, DD",225 000   ₽,"Академическая, 100	 м",https://www.avito.ru/moskva/audio_i_video/proigryvatel_vinila_diatone_lt-1_tangens_dd_797220523
Проигрыватель винила Technics SL-1200 MK3D №1,49 000   ₽,"Кузьминки, 100	 м",https://www.avito.ru/moskva/audio_i_video/proigryvatel_vinila_technics_sl-1200_mk3d_1_1876406420
Проигрыватель винила СССР Электроника Б1-011 супер,15 000   ₽,"Новые Черемушки, 1,1	 км",https://www.avito.ru/moskva/audio_i_video/proigryvatel_vinila_sssr_elektronika_b1-011_super_1828750024
Винил проигрыватель Rega P1,10 000   ₽,"Новые Черемушки, 1,2	 км",https://www.avito.ru/moskva/audio_i_video/vinil_proigryvatel_rega_p1_1875630839
Проигрыватель винила pyle pro plttb1,7 100   ₽,"Улица 1905 года, 100	 м",https://www.avito.ru/moskva/audio_i_video/proigryvatel_vinila_pyle_pro_plttb1_1837173933
Проигрыватель винила и колонки к нему,10 000   ₽,"Академическая, 900	 м",https://www.avito.ru/moskva/audio_i_video/proigryvatel_vinila_i_kolonki_k_nemu_1860343744
Топовый проигрыватель винила Pioneer PL-5L,37 000   ₽,"Братиславская, 1,4	 км",https://www.avito.ru/moskva/audio_i_video/topovyy_proigryvatel_vinila_pioneer_pl-5l_1852282769
Проигрыватель для винила Pro-Ject 1-expression III,30 000   ₽,"Каширская, 200	 м",https://www.avito.ru/moskva/audio_i_video/proigryvatel_dlya_vinila_pro-ject_1-expression_iii_1843210071
Проигрыватель винила Thorens TD206,Цена не указана,"Охотный ряд, 100	 м",https://www.avito.ru/moskva/audio_i_video/proigryvatel_vinila_thorens_td206_1812494250
Проигрыватель Электроника Б1-01 на салазках ручной,46 000   ₽,"Кропоткинская, 300	 м",https://www.avito.ru/moskva/audio_i_video/proigryvatel_elektronika_b1-01_na_salazkah_ruchnoy_1701845774
Проигрыватель винила Technics SL-1600 состояние,13 000   ₽,"Коломенская, 300	 м",https://www.avito.ru/moskva/audio_i_video/proigryvatel_vinila_technics_sl-1600_sostoyanie_1628125078
Проигрыватель для пластинок Радиола срп-1-4,1 800   ₽,"Улица академика Янгеля, 100	 м",https://www.avito.ru/moskva/audio_i_video/proigryvatel_dlya_plastinok_radiola_srp-1-4_1342260862
Проигрыватель винила Technics sl-1600 MK1,22 000   ₽,"Жулебино, 500	 м",https://www.avito.ru/moskva/audio_i_video/proigryvatel_vinila_technics_sl-1600_mk1_1678329308
Проигрыватель винила Dual CS435-1 Black,25 000   ₽,"Площадь революции, 400	 м",https://www.avito.ru/moskva/audio_i_video/proigryvatel_vinila_dual_cs435-1_black_1825101875
Проигрыватель винила sony PS-X45,21 000   ₽,"Славянский бульвар, 200	 м",https://www.avito.ru/moskva/audio_i_video/proigryvatel_vinila_sony_ps-x45_1061477447
Проигрыватель винила C. E. C.(FisherMtZ1),95 000   ₽,"Охотный ряд, 200	 м",https://www.avito.ru/moskva/audio_i_video/proigryvatel_vinila_c._e._c.fishermtz1_745504725
Проигрыватель винила Арктур 006,8 990   ₽,Новокузнецкая,https://www.avito.ru/moskva/audio_i_video/proigryvatel_vinila_arktur_006_1237225998
Проигрыватель винила Audio-Technica AT-LP120 USB,20 000   ₽,Домодедовская,https://www.avito.ru/moskva/audio_i_video/proigryvatel_vinila_audio-technica_at-lp120_usb_1774580955
Проигрыватель винила rega planar 1 Plus,Цена не указана,"Сокольники, 700	 м",https://www.avito.ru/moskva/audio_i_video/proigryvatel_vinila_rega_planar_1_plus_1851233264
Проигрыватель винила Dual CS455-1 Black,28 899   ₽,"Площадь революции, 400	 м",https://www.avito.ru/moskva/audio_i_video/proigryvatel_vinila_dual_cs455-1_black_1825678212
"Проигрыватель винила Denon DP-450USB, новый",Цена не указана,Варшавская,https://www.avito.ru/moskva/audio_i_video/proigryvatel_vinila_denon_dp-450usb_novyy_1043184846
Виниловый проигрыватель Pro-ject RPM 9.1 X,60 000   ₽,Краснопресненская,https://www.avito.ru/moskva/audio_i_video/vinilovyy_proigryvatel_pro-ject_rpm_9.1_x_1885134589
Проигрыватель винила dual CS 731Q CS 460 Germany,30 000   ₽,"Щелковская, 2	 км",https://www.avito.ru/moskva/audio_i_video/proigryvatel_vinila_dual_cs_731q_cs_460_germany_959075234
Проигрыватель винила LO-D HT-500,17 000   ₽,"Медведково, 800	 м",https://www.avito.ru/moskva/audio_i_video/proigryvatel_vinila_lo-d_ht-500_1381693014
Проигрыватель Электроника Б1-01,17 000   ₽,Строгино,https://www.avito.ru/moskva/audio_i_video/proigryvatel_elektronika_b1-01_1782821172
Sony PS-T1 винтажный проигрыватель винила,9 000   ₽,"Марксистская, 300	 м",https://www.avito.ru/moskva/audio_i_video/sony_ps-t1_vintazhnyy_proigryvatel_vinila_1381767390
"Проигрыватель винила Audio Note TT Two Deluxe, PSU",450 000   ₽,Щукинская,https://www.avito.ru/moskva/audio_i_video/proigryvatel_vinila_audio_note_tt_two_deluxe_psu_1310217288
Проигрыватель винила Dual CS460 black-silver,Цена не указана,"Бульвар Дмитрия Донского, 100	 м",https://www.avito.ru/moskva/audio_i_video/proigryvatel_vinila_dual_cs460_black-silver_1760373458
Проигрыватель винила Sony PS-LX300USB,7 000   ₽,"Митино, 500	 м",https://www.avito.ru/moskva/audio_i_video/proigryvatel_vinila_sony_ps-lx300usb_1865622864
Проигрыватель Вега Винил +касета +Hi-Fi усилитель,6 000   ₽,"Спортивная, 100	 м",https://www.avito.ru/moskva/audio_i_video/proigryvatel_vega_vinil_kaseta_hi-fi_usilitel_1865385393
Проигрыватель винила Вега 108 без акустики,3 000   ₽,"Бабушкинская, 1	 км",https://www.avito.ru/moskva/audio_i_video/proigryvatel_vinila_vega_108_bez_akustiki_1790845022
Проигрыватель виниловых пластинок Denon DP-2500,35 000   ₽,"Щелковская, 2,4	 км",https://www.avito.ru/moskva/audio_i_video/proigryvatel_vinilovyh_plastinok_denon_dp-2500_1879919534
Проигрыватели пластинок Lenco L75 & Denon DP-47F,36 000   ₽,"Парк культуры, 800	 м",https://www.avito.ru/moskva/audio_i_video/proigryvateli_plastinok_lenco_l75_denon_dp-47f_1838638684
Проигрыватель винила dual CS600 Piano Black,Цена не указана,"Бульвар Дмитрия Донского, 100	 м",https://www.avito.ru/moskva/audio_i_video/proigryvatel_vinila_dual_cs600_piano_black_1760747570
Проигрыватель винила Music Hall mmf 5.3,Цена не указана,"Бульвар Дмитрия Донского, 100	 м",https://www.avito.ru/moskva/audio_i_video/proigryvatel_vinila_music_hall_mmf_5.3_1760161025
Проигрыватель винила Kenwood L-07d (Trio) L07D,250 000   ₽,"Фрунзенская, 600	 м",https://www.avito.ru/moskva/audio_i_video/proigryvatel_vinila_kenwood_l-07d_trio_l07d_1818360625
"Проигрыватель пластинок Hi-End, Premium на заказ",65 000   ₽,"Коломенская, 1,7	 км",https://www.avito.ru/moskva/audio_i_video/proigryvatel_plastinok_hi-end_premium_na_zakaz_1325712057
Винтажный проигрыватель винила otto(sanyo) TP-L50A,12 500   ₽,Отрадное,https://www.avito.ru/moskva/audio_i_video/vintazhnyy_proigryvatel_vinila_ottosanyo_tp-l50a_1844366586
Проигрыватель винила Technics SL-1400MK2,25 000   ₽,"Хорошево, 400	 м",https://www.avito.ru/moskva/audio_i_video/proigryvatel_vinila_technics_sl-1400mk2_1466478305
Проигрыватель винила и 2 колонки Radiotehnika 301,5 000   ₽,Водный стадион,https://www.avito.ru/moskva/audio_i_video/proigryvatel_vinila_i_2_kolonki_radiotehnika_301_1789021037
Проигрыватель винила с 2 колонками + 2 колонки за,3 000   ₽,"Университет, 100	 м",https://www.avito.ru/moskva/audio_i_video/proigryvatel_vinila_s_2_kolonkami_2_kolonki_za_1876054863
Проигрыватель винила Yamaha MS-2B комбайн,15 000   ₽,"Тимирязевская, 200	 м",https://www.avito.ru/moskva/audio_i_video/proigryvatel_vinila_yamaha_ms-2b_kombayn_1837946101
Проигрыватель винила Technics SL-D2,12 500   ₽,"Хорошево, 400	 м",https://www.avito.ru/moskva/audio_i_video/proigryvatel_vinila_technics_sl-d2_1159465996
Проигрыватель винила Technics SL-1400 Mk2,21 000   ₽,"Хорошево, 600	 м",https://www.avito.ru/moskva/audio_i_video/proigryvatel_vinila_technics_sl-1400_mk2_1869791792
Проигрыватель винила 2 штуки радиола Серенада 209,950   ₽,"Озёрная, 1,1	 км",https://www.avito.ru/moskva/audio_i_video/proigryvatel_vinila_2_shtuki_radiola_serenada_209_1493520419
Проигрыватель винила Rega p3 + elys2,25 000   ₽,"Беломорская, 100	 м",https://www.avito.ru/moskva/audio_i_video/proigryvatel_vinila_rega_p3_elys2_1796390218
Проигрыватель виниловых пластинок Sony PS-X2,20 000   ₽,"Хорошевская, 100	 м",https://www.avito.ru/moskva/audio_i_video/proigryvatel_vinilovyh_plastinok_sony_ps-x2_983716407
Проигрыватель винила technics Quartz sl 1310мк2,25 000   ₽,"Мичуринский проспект, 2,4	 км",https://www.avito.ru/moskva/audio_i_video/proigryvatel_vinila_technics_quartz_sl_1310mk2_1865189055
Проигрыватель виниловых пластинок sony PS-X2,25 000   ₽,"Дубровка, 500	 м",https://www.avito.ru/moskva/audio_i_video/proigryvatel_vinilovyh_plastinok_sony_ps-x2_1701596314
Проигрыватель винила Thorens TD 240-2 black piano,34 000   ₽,"Марьино, 100	 м",https://www.avito.ru/moskva/audio_i_video/proigryvatel_vinila_thorens_td_240-2_black_piano_1776807556
"Проигрыватель винила Technics SL-Q2,220V,комплект",14 000   ₽,Мичуринский проспект,https://www.avito.ru/moskva/audio_i_video/proigryvatel_vinila_technics_sl-q2220vkomplekt_1846813864
Проигрыватель винила Pro-Ject juke BOX S2+ Компакт,40 000   ₽,"Раменки, 800	 м",https://www.avito.ru/moskva/audio_i_video/proigryvatel_vinila_pro-ject_juke_box_s2_kompakt_1876578823
Проигрыватель винила dual CS 731Q CS 460 Germany,30 000   ₽,"Щелковская, 2	 км",https://www.avito.ru/moskva/audio_i_video/proigryvatel_vinila_dual_cs_731q_cs_460_germany_959075234
Проигрыватель винила Technics SL-1600 состояние,13 000   ₽,"Коломенская, 300	 м",https://www.avito.ru/moskva/audio_i_video/proigryvatel_vinila_technics_sl-1600_sostoyanie_1628125078
Проигрыватель винила Victor QL-A7 №2,43 000   ₽,"Ясенево, 200	 м",https://www.avito.ru/moskva/audio_i_video/proigryvatel_vinila_victor_ql-a7_2_1836735835
Проигрыватель винила,Цена не указана,"Выхино, 1,9	 км",https://www.avito.ru/moskva/audio_i_video/proigryvatel_vinila_1868564030
Проигрыватель Винила kenwood KP-880D2,36 000   ₽,"Электрозаводская, 1,4	 км",https://www.avito.ru/moskva/audio_i_video/proigryvatel_vinila_kenwood_kp-880d2_1689194477
Проигрыватель винила Technics SL-1200 MK3DK №2,52 000   ₽,"Кузьминки, 100	 м",https://www.avito.ru/moskva/audio_i_video/proigryvatel_vinila_technics_sl-1200_mk3dk_2_1844352611
Проигрыватель винила Thorens TD 350 M2-9 black,289 000   ₽,"Площадь революции, 400	 м",https://www.avito.ru/moskva/audio_i_video/proigryvatel_vinila_thorens_td_350_m2-9_black_1825801445
Проигрыватель винила Арктур 006,8 990   ₽,Новокузнецкая,https://www.avito.ru/moskva/audio_i_video/proigryvatel_vinila_arktur_006_1237225998
Проигрыватель винила Victor JL-B41(то+новая игла),21 000   ₽,"Жулебино, 700	 м",https://www.avito.ru/moskva/audio_i_video/proigryvatel_vinila_victor_jl-b41tonovaya_igla_1832687559
Technics SL-Q2 - проигрыватель винила,12 500   ₽,"Ховрино, 1	 км",https://www.avito.ru/moskva/audio_i_video/technics_sl-q2_-_proigryvatel_vinila_1855379462
Проигрыватель винила Audio-Technica AT-LP120 USB,20 000   ₽,Домодедовская,https://www.avito.ru/moskva/audio_i_video/proigryvatel_vinila_audio-technica_at-lp120_usb_1774580955
"Проигрыватель винила Denon DP-450USB, новый",Цена не указана,Варшавская,https://www.avito.ru/moskva/audio_i_video/proigryvatel_vinila_denon_dp-450usb_novyy_1043184846
Проигрыватель пластинок sony PS-X2. Прямой привод,24 000   ₽,Бабушкинская,https://www.avito.ru/moskva/audio_i_video/proigryvatel_plastinok_sony_ps-x2._pryamoy_privod_1814496698
Проигрыватель винила NewArtVinyl,325 000   ₽,"Измайловская, 100	 м",https://www.avito.ru/moskva/audio_i_video/proigryvatel_vinila_newartvinyl_508507676
Проигрыватель винила LO-D HT-500,17 000   ₽,"Медведково, 800	 м",https://www.avito.ru/moskva/audio_i_video/proigryvatel_vinila_lo-d_ht-500_1381693014
Новый проигрыватель винила Rega Planar 2 Black,Цена не указана,Бульвар Дмитрия Донского,https://www.avito.ru/moskva/audio_i_video/novyy_proigryvatel_vinila_rega_planar_2_black_503271672
Проигрыватель винила Pro-Ject 1-Xpression Carbon,28 000   ₽,Бульвар Дмитрия Донского,https://www.avito.ru/moskva/audio_i_video/proigryvatel_vinila_pro-ject_1-xpression_carbon_1475595007
"Винила проигрыватель ""Вега 120""+усилитель 2х50 W",15 000   ₽,Новые Черемушки,https://www.avito.ru/moskva/audio_i_video/vinila_proigryvatel_vega_120usilitel_2h50_w_1863444529
Проигрыватель винила Dual CS460 black-silver,Цена не указана,"Бульвар Дмитрия Донского, 100	 м",https://www.avito.ru/moskva/audio_i_video/proigryvatel_vinila_dual_cs460_black-silver_1760373458
Проигрыватель винила Sony PS-LX300USB,7 000   ₽,"Митино, 500	 м",https://www.avito.ru/moskva/audio_i_video/proigryvatel_vinila_sony_ps-lx300usb_1865622864
Проигрыватель винила Thorens TD 240-2,Цена не указана,Киевская,https://www.avito.ru/moskva/audio_i_video/proigryvatel_vinila_thorens_td_240-2_1284651751
"Проигрыватель винила Audio Note TT Two Deluxe, PSU",450 000   ₽,Щукинская,https://www.avito.ru/moskva/audio_i_video/proigryvatel_vinila_audio_note_tt_two_deluxe_psu_1310217288
Проигрыватель винила Rega Planar 3 (elys-2) новый,Цена не указана,Бульвар Дмитрия Донского,https://www.avito.ru/moskva/audio_i_video/proigryvatel_vinila_rega_planar_3_elys-2_novyy_793668664
Проигрыватель винила dual CS600 Piano Black,Цена не указана,"Бульвар Дмитрия Донского, 100	 м",https://www.avito.ru/moskva/audio_i_video/proigryvatel_vinila_dual_cs600_piano_black_1760747570
Проигрыватель винила Thorens TD 190-2,Цена не указана,,https://www.avito.ru/moskva/audio_i_video/proigryvatel_vinila_thorens_td_190-2_1676201394
Проигрыватель виниловых пластинок Denon DP-2500,35 000   ₽,"Щелковская, 2,4	 км",https://www.avito.ru/moskva/audio_i_video/proigryvatel_vinilovyh_plastinok_denon_dp-2500_1879919534
Винтажный проигрыватель винила otto(sanyo) TP-L50A,12 500   ₽,Отрадное,https://www.avito.ru/moskva/audio_i_video/vintazhnyy_proigryvatel_vinila_ottosanyo_tp-l50a_1844366586
Проигрыватель винила Thorens TD 2015 S2,Цена не указана,Киевская,https://www.avito.ru/moskva/audio_i_video/proigryvatel_vinila_thorens_td_2015_s2_1612937850
Проигрыватель винила Pro ject rpm 1.3,20 000   ₽,"Первомайская, 900	 м",https://www.avito.ru/moskva/audio_i_video/proigryvatel_vinila_pro_ject_rpm_1.3_1796876600
Проигрыватель винила Thorens TD 240-2 black piano,Цена не указана,"Охотный ряд, 200	 м",https://www.avito.ru/moskva/audio_i_video/proigryvatel_vinila_thorens_td_240-2_black_piano_1275730796
Проигрыватель винила Rega Planar 8 (Ania) Black,Цена не указана,"Бульвар Дмитрия Донского, 100	 м",https://www.avito.ru/moskva/audio_i_video/proigryvatel_vinila_rega_planar_8_ania_black_1760036720
Проигрыватели пластинок Lenco L75 & Denon DP-47F,36 000   ₽,"Парк культуры, 800	 м",https://www.avito.ru/moskva/audio_i_video/proigryvateli_plastinok_lenco_l75_denon_dp-47f_1838638684
Проигрыватель винила Music Hall mmf 5.3,Цена не указана,"Бульвар Дмитрия Донского, 100	 м",https://www.avito.ru/moskva/audio_i_video/proigryvatel_vinila_music_hall_mmf_5.3_1760161025
Проигрыватель винила-hitachi,25 000   ₽,"Арбатская, 400	 м",https://www.avito.ru/moskva/audio_i_video/proigryvatel_vinila-hitachi_1820242311
Проигрыватель винила Pro-Ject 1 Xpression III,30 000   ₽,"Белорусская, 900	 м",https://www.avito.ru/moskva/audio_i_video/proigryvatel_vinila_pro-ject_1_xpression_iii_1782819086
Проигрыватель винила вертушка Sony PS-LX3,11 000   ₽,"Шипиловская, 1,3	 км",https://www.avito.ru/moskva/audio_i_video/proigryvatel_vinila_vertushka_sony_ps-lx3_1851643486
